Workbook

Sheet Student Scores
A1: Student ID | B1: Student Name | C1: Mathematics | D1: Statistics | E1: Physics | F1: Computing | G1: English | H1: Total Marks | I1: Average (%) | J1: Grade
A2: ST001 | B2: adoabi | C2: 78 | D2: 85 | E2: 76 | F2: 88 | G2: 82 | H2: =SUM(C2:G2) -> 409 | I2: =AVERAGE(C2:G2) -> 81.8 | J2: =IF(I2>=80,"A",IF(I2>=70,"B",IF(I2>=60,"C",IF(I2>=50,"D","F")))) -> A
A3: ST002 | B3: Chinedu | C3: 65 | D3: 72 | E3: 68 | F3: 70 | G3: 66 | H3: =SUM(C3:G3) -> 341 | I3: =AVERAGE(C3:G3) -> 68.2 | J3: =IF(I3>=80,"A",IF(I3>=70,"B",IF(I3>=60,"C",IF(I3>=50,"D","F")))) -> C
A4: ST003 | B4: Blessing | C4: 92 | D4: 88 | E4: 94 | F4: 90 | G4: 89 | H4: =SUM(C4:G4) -> 453 | I4: =AVERAGE(C4:G4) -> 90.6 | J4: =IF(I4>=80,"A",IF(I4>=70,"B",IF(I4>=60,"C",IF(I4>=50,"D","F")))) -> A
A5: ST004 | B5: Emmanuel | C5: 58 | D5: 62 | E5: 55 | F5: 60 | G5: 57 | H5: =SUM(C5:G5) -> 292 | I5: =AVERAGE(C5:G5) -> 58.4 | J5: =IF(I5>=80,"A",IF(I5>=70,"B",IF(I5>=60,"C",IF(I5>=50,"D","F")))) -> D
A6: ST005 | B6: Favour | C6: 74 | D6: 76 | E6: 80 | F6: 73 | G6: 78 | H6: =SUM(C6:G6) -> 381 | I6: =AVERAGE(C6:G6) -> 76.2 | J6: =IF(I6>=80,"A",IF(I6>=70,"B",IF(I6>=60,"C",IF(I6>=50,"D","F")))) -> B
A7: ST006 | B7: Gift | C7: 88 | D7: 91 | E7: 85 | F7: 87 | G7: 83 | H7: =SUM(C7:G7) -> 434 | I7: =AVERAGE(C7:G7) -> 86.8 | J7: =IF(I7>=80,"A",IF(I7>=70,"B",IF(I7>=60,"C",IF(I7>=50,"D","F")))) -> A
A8: ST007 | B8: Deborah | C8: 46 | D8: 52 | E8: 49 | F8: 55 | G8: 51 | H8: =SUM(C8:G8) -> 253 | I8: =AVERAGE(C8:G8) -> 50.6 | J8: =IF(I8>=80,"A",IF(I8>=70,"B",IF(I8>=60,"C",IF(I8>=50,"D","F")))) -> D
A9: ST008 | B9: Kingsley | C9: 71 | D9: 69 | E9: 74 | F9: 72 | G9: 68 | H9: =SUM(C9:G9) -> 354 | I9: =AVERAGE(C9:G9) -> 70.8 | J9: =IF(I9>=80,"A",IF(I9>=70,"B",IF(I9>=60,"C",IF(I9>=50,"D","F")))) -> B
A10: ST009 | B10: Ruth | C10: 82 | D10: 79 | E10: 77 | F10: 81 | G10: 76 | H10: =SUM(C10:G10) -> 395 | I10: =AVERAGE(C10:G10) -> 79 | J10: =IF(I10>=80,"A",IF(I10>=70,"B",IF(I10>=60,"C",IF(I10>=50,"D","F")))) -> B
A11: ST010 | B11: Samuel | C11: 60 | D11: 65 | E11: 62 | F11: 58 | G11: 61 | H11: =SUM(C11:G11) -> 306 | I11: =AVERAGE(C11:G11) -> 61.2 | J11: =IF(I11>=80,"A",IF(I11>=70,"B",IF(I11>=60,"C",IF(I11>=50,"D","F")))) -> C
A12: ST011 | B12: Esther | C12: 95 | D12: 92 | E12: 90 | F12: 93 | G12: 88 | H12: =SUM(C12:G12) -> 458 | I12: =AVERAGE(C12:G12) -> 91.6 | J12: =IF(I12>=80,"A",IF(I12>=70,"B",IF(I12>=60,"C",IF(I12>=50,"D","F")))) -> A
A13: ST012 | B13: Daniel | C13: 68 | D13: 70 | E13: 66 | F13: 63 | G13: 67 | H13: =SUM(C13:G13) -> 334 | I13: =AVERAGE(C13:G13) -> 66.8 | J13: =IF(I13>=80,"A",IF(I13>=70,"B",IF(I13>=60,"C",IF(I13>=50,"D","F")))) -> C

Sheet Analysis Summary
A1: STUDENT PERFORMANCE ANALYSIS
A2: Fictional assessment dataset | Formulas update when scores change
A4: KEY METRICS | F4: QUICK INTERPRETATION
A5: Total Students | B5: =COUNTA('Student Scores'!A2:A13) -> 12 | F5: Highest subject average | G5: =INDEX(A16:A20,MATCH(MAX(B16:B20),B16:B20,0)) -> Statistics
A6: Total Marks Possible per Student | B6: 500 | F6: Lowest subject average | G6: =INDEX(A16:A20,MATCH(MIN(B16:B20),B16:B20,0)) -> English
A7: Class Average (%) | B7: =AVERAGE('Student Scores'!I2:I13) -> 73.5 | F7: Most common grade | G7: =INDEX(F16:F20,MATCH(MAX(G16:G20),G16:G20,0)) -> A
A8: Highest Student Average (%) | B8: =MAX('Student Scores'!I2:I13) -> 91.6 | F8: Students with average below 50 | G8: =COUNTIF('Student Scores'!I2:I13,"<50") -> 0
A9: Lowest Student Average (%) | B9: =MIN('Student Scores'!I2:I13) -> 50.6
A10: Pass Rate (Average >= 50) | B10: =COUNTIF('Student Scores'!I2:I13,">=50")/COUNTA('Student Scores'!I2:I13) -> 1
A13: SUBJECT COMPARISON | F13: GRADE DISTRIBUTION
A15: Subject | B15: Average Mark | C15: Highest Mark | D15: Lowest Mark | F15: Grade | G15: Student Count
A16: Mathematics | B16: =AVERAGE('Student Scores'!C2:C13) -> 73.083333 | C16: =MAX('Student Scores'!C2:C13) -> 95 | D16: =MIN('Student Scores'!C2:C13) -> 46 | F16: A | G16: =COUNTIF('Student Scores'!J2:J13,F16) -> 4
A17: Statistics | B17: =AVERAGE('Student Scores'!D2:D13) -> 75.083333 | C17: =MAX('Student Scores'!D2:D13) -> 92 | D17: =MIN('Student Scores'!D2:D13) -> 52 | F17: B | G17: =COUNTIF('Student Scores'!J2:J13,F17) -> 3
A18: Physics | B18: =AVERAGE('Student Scores'!E2:E13) -> 73 | C18: =MAX('Student Scores'!E2:E13) -> 94 | D18: =MIN('Student Scores'!E2:E13) -> 49 | F18: C | G18: =COUNTIF('Student Scores'!J2:J13,F18) -> 3
A19: Computing | B19: =AVERAGE('Student Scores'!F2:F13) -> 74.166667 | C19: =MAX('Student Scores'!F2:F13) -> 93 | D19: =MIN('Student Scores'!F2:F13) -> 55 | F19: D | G19: =COUNTIF('Student Scores'!J2:J13,F19) -> 2
A20: English | B20: =AVERAGE('Student Scores'!G2:G13) -> 72.166667 | C20: =MAX('Student Scores'!G2:G13) -> 89 | D20: =MIN('Student Scores'!G2:G13) -> 51 | F20: F | G20: =COUNTIF('Student Scores'!J2:J13,F20) -> 0

Sheet Read Me
A1: HOW TO USE THIS WORKBOOK
A3: Purpose | B3: Practice Excel data analysis using fictional student scores.
A4: Student Scores | B4: Student IDs/names, five subject scores, total marks, average and grade.
A5: Total Marks | B5: Calculated with SUM across five subjects (maximum 500).
A6: Average | B6: Calculated with AVERAGE across the five subject scores.
A7: Grade bands | B7: A = 80–100; B = 70–79.9; C = 60–69.9; D = 50–59.9; F = below 50.
A8: Analysis Summary | B8: Class metrics, subject comparisons, grade distribution, and charts.
A9: Try this | B9: Change a score in Student Scores and check how formulas update. Keep scores from 0 to 100.
A10: Important | B10: All names and scores are fictional examples, not real student records.
